resultado,desde,hasta,n,predicha,observada,period,model
local,0.0,0.2,54,0.16416361048170472,0.1111111111111111,2023-2025,frozen_dc
local,0.2,0.4,440,0.3167977752904124,0.31363636363636366,2023-2025,frozen_dc
local,0.4,0.6,484,0.488603454452655,0.48760330578512395,2023-2025,frozen_dc
local,0.6,0.8,156,0.6740963089231367,0.6794871794871795,2023-2025,frozen_dc
local,0.8,1.0,6,0.8114051520867503,1.0,2023-2025,frozen_dc
empate,0.0,0.2,124,0.1786243745360432,0.1693548387096774,2023-2025,frozen_dc
empate,0.2,0.4,1016,0.247862809861209,0.25393700787401574,2023-2025,frozen_dc
empate,0.4,0.6,0,,,2023-2025,frozen_dc
empate,0.6,0.8,0,,,2023-2025,frozen_dc
empate,0.8,1.0,0,,,2023-2025,frozen_dc
visitante,0.0,0.2,210,0.14523479669672718,0.11428571428571428,2023-2025,frozen_dc
visitante,0.2,0.4,624,0.30081709092361764,0.2980769230769231,2023-2025,frozen_dc
visitante,0.4,0.6,274,0.4831450299017131,0.48175182481751827,2023-2025,frozen_dc
visitante,0.6,0.8,32,0.6457396671692014,0.84375,2023-2025,frozen_dc
visitante,0.8,1.0,0,,,2023-2025,frozen_dc
local,0.0,0.2,76,0.15204600457346615,0.10526315789473684,2023-2025,walk_forward_dc
local,0.2,0.4,417,0.3065457978965937,0.2829736211031175,2023-2025,walk_forward_dc
local,0.4,0.6,451,0.4892105021850796,0.5033259423503326,2023-2025,walk_forward_dc
local,0.6,0.8,179,0.6713718548473,0.6871508379888268,2023-2025,walk_forward_dc
local,0.8,1.0,17,0.8470126663402462,0.9411764705882353,2023-2025,walk_forward_dc
empate,0.0,0.2,153,0.1667475402854256,0.1503267973856209,2023-2025,walk_forward_dc
empate,0.2,0.4,987,0.24566009309529016,0.25937183383991896,2023-2025,walk_forward_dc
empate,0.4,0.6,0,,,2023-2025,walk_forward_dc
empate,0.6,0.8,0,,,2023-2025,walk_forward_dc
empate,0.8,1.0,0,,,2023-2025,walk_forward_dc
visitante,0.0,0.2,243,0.14057563418709207,0.11522633744855967,2023-2025,walk_forward_dc
visitante,0.2,0.4,547,0.29849487261382013,0.27239488117001825,2023-2025,walk_forward_dc
visitante,0.4,0.6,296,0.4854050288612206,0.5067567567567568,2023-2025,walk_forward_dc
visitante,0.6,0.8,52,0.6666162300889806,0.7692307692307693,2023-2025,walk_forward_dc
visitante,0.8,1.0,2,0.8233998075612351,1.0,2023-2025,walk_forward_dc
local,0.0,0.2,72,0.1530665698804941,0.09722222222222222,2023-2025,walk_forward_poisson
local,0.2,0.4,411,0.3077895593795329,0.2773722627737226,2023-2025,walk_forward_poisson
local,0.4,0.6,449,0.4886743780758413,0.5011135857461024,2023-2025,walk_forward_poisson
local,0.6,0.8,189,0.668784482722595,0.6772486772486772,2023-2025,walk_forward_poisson
local,0.8,1.0,19,0.8437958176430796,0.9473684210526315,2023-2025,walk_forward_poisson
empate,0.0,0.2,191,0.16800922138640992,0.16230366492146597,2023-2025,walk_forward_poisson
empate,0.2,0.4,949,0.23850133734692952,0.2613277133825079,2023-2025,walk_forward_poisson
empate,0.4,0.6,0,,,2023-2025,walk_forward_poisson
empate,0.6,0.8,0,,,2023-2025,walk_forward_poisson
empate,0.8,1.0,0,,,2023-2025,walk_forward_poisson
visitante,0.0,0.2,237,0.14251837482348673,0.10970464135021098,2023-2025,walk_forward_poisson
visitante,0.2,0.4,545,0.3004371963192006,0.27522935779816515,2023-2025,walk_forward_poisson
visitante,0.4,0.6,302,0.4867274980965279,0.4966887417218543,2023-2025,walk_forward_poisson
visitante,0.6,0.8,54,0.6675062689040719,0.7592592592592593,2023-2025,walk_forward_poisson
visitante,0.8,1.0,2,0.825407168816144,1.0,2023-2025,walk_forward_poisson
local,0.0,0.2,2,0.1588581697217779,0.0,2026_available,frozen_dc
local,0.2,0.4,20,0.33983847524712185,0.25,2026_available,frozen_dc
local,0.4,0.6,21,0.47275564090724903,0.38095238095238093,2026_available,frozen_dc
local,0.6,0.8,7,0.6479999640916752,0.7142857142857143,2026_available,frozen_dc
local,0.8,1.0,0,,,2026_available,frozen_dc
empate,0.0,0.2,2,0.19119837186468075,0.0,2026_available,frozen_dc
empate,0.2,0.4,48,0.2506042246287543,0.3333333333333333,2026_available,frozen_dc
empate,0.4,0.6,0,,,2026_available,frozen_dc
empate,0.6,0.8,0,,,2026_available,frozen_dc
empate,0.8,1.0,0,,,2026_available,frozen_dc
visitante,0.0,0.2,9,0.15597278748786303,0.1111111111111111,2026_available,frozen_dc
visitante,0.2,0.4,30,0.3154974026632636,0.3,2026_available,frozen_dc
visitante,0.4,0.6,10,0.44995190683473824,0.5,2026_available,frozen_dc
visitante,0.6,0.8,1,0.6420501863744228,1.0,2026_available,frozen_dc
visitante,0.8,1.0,0,,,2026_available,frozen_dc
local,0.0,0.2,2,0.16395868108802197,0.0,2026_available,walk_forward_dc
local,0.2,0.4,20,0.3431894047877724,0.3,2026_available,walk_forward_dc
local,0.4,0.6,22,0.48056537074903044,0.4090909090909091,2026_available,walk_forward_dc
local,0.6,0.8,6,0.6448420983650257,0.5,2026_available,walk_forward_dc
local,0.8,1.0,0,,,2026_available,walk_forward_dc
empate,0.0,0.2,2,0.19060042163083474,0.0,2026_available,walk_forward_dc
empate,0.2,0.4,48,0.25209553493365616,0.3333333333333333,2026_available,walk_forward_dc
empate,0.4,0.6,0,,,2026_available,walk_forward_dc
empate,0.6,0.8,0,,,2026_available,walk_forward_dc
empate,0.8,1.0,0,,,2026_available,walk_forward_dc
visitante,0.0,0.2,10,0.16211900506959026,0.1,2026_available,walk_forward_dc
visitante,0.2,0.4,31,0.3191953953908752,0.3225806451612903,2026_available,walk_forward_dc
visitante,0.4,0.6,8,0.46689592049484363,0.5,2026_available,walk_forward_dc
visitante,0.6,0.8,1,0.6336026035507324,1.0,2026_available,walk_forward_dc
visitante,0.8,1.0,0,,,2026_available,walk_forward_dc
local,0.0,0.2,2,0.16781684004128067,0.0,2026_available,walk_forward_poisson
local,0.2,0.4,18,0.3418490685997615,0.2777777777777778,2026_available,walk_forward_poisson
local,0.4,0.6,22,0.46693157428461324,0.36363636363636365,2026_available,walk_forward_poisson
local,0.6,0.8,8,0.6372185338951268,0.625,2026_available,walk_forward_poisson
local,0.8,1.0,0,,,2026_available,walk_forward_poisson
empate,0.0,0.2,4,0.19013757928265354,0.0,2026_available,walk_forward_poisson
empate,0.2,0.4,46,0.24498497764229657,0.34782608695652173,2026_available,walk_forward_poisson
empate,0.4,0.6,0,,,2026_available,walk_forward_poisson
empate,0.6,0.8,0,,,2026_available,walk_forward_poisson
empate,0.8,1.0,0,,,2026_available,walk_forward_poisson
visitante,0.0,0.2,9,0.16191918063654415,0.1111111111111111,2026_available,walk_forward_poisson
visitante,0.2,0.4,31,0.3175584045460533,0.2903225806451613,2026_available,walk_forward_poisson
visitante,0.4,0.6,8,0.44641345637366653,0.5,2026_available,walk_forward_poisson
visitante,0.6,0.8,2,0.6190450366885449,1.0,2026_available,walk_forward_poisson
visitante,0.8,1.0,0,,,2026_available,walk_forward_poisson
